--
-- PostgreSQL database dump
--

\restrict wW9ww3ezR1YUjBIXdgB0GxsieivMJ4JoSnMNzsXb6TXjqFPcG6JQLZM6dDvjA40

-- Dumped from database version 17.6
-- Dumped by pg_dump version 17.6

SET statement_timeout = 0;
SET lock_timeout = 0;
SET idle_in_transaction_session_timeout = 0;
SET transaction_timeout = 0;
SET client_encoding = 'UTF8';
SET standard_conforming_strings = on;
SELECT pg_catalog.set_config('search_path', '', false);
SET check_function_bodies = false;
SET xmloption = content;
SET client_min_messages = warning;
SET row_security = off;

SET default_tablespace = '';

SET default_table_access_method = heap;

--
-- Name: app_user; Type: TABLE; Schema: public; Owner: postgres
--

CREATE TABLE public.app_user (
    id bigint NOT NULL,
    created_at timestamp(6) without time zone,
    email character varying(255),
    first_name character varying(255),
    last_name character varying(255),
    password character varying(255),
    role character varying(255),
    updated_at timestamp(6) without time zone,
    username character varying(255)
);


ALTER TABLE public.app_user OWNER TO postgres;

--
-- Name: app_user_id_seq; Type: SEQUENCE; Schema: public; Owner: postgres
--

ALTER TABLE public.app_user ALTER COLUMN id ADD GENERATED BY DEFAULT AS IDENTITY (
    SEQUENCE NAME public.app_user_id_seq
    START WITH 1
    INCREMENT BY 1
    NO MINVALUE
    NO MAXVALUE
    CACHE 1
);


--
-- Name: client; Type: TABLE; Schema: public; Owner: postgres
--

CREATE TABLE public.client (
    id bigint NOT NULL,
    address character varying(255),
    created_at timestamp(6) without time zone,
    email character varying(255),
    first_name character varying(255),
    last_name character varying(255),
    phone_number bigint,
    updated_at timestamp(6) without time zone
);


ALTER TABLE public.client OWNER TO postgres;

--
-- Name: client_id_seq; Type: SEQUENCE; Schema: public; Owner: postgres
--

ALTER TABLE public.client ALTER COLUMN id ADD GENERATED BY DEFAULT AS IDENTITY (
    SEQUENCE NAME public.client_id_seq
    START WITH 1
    INCREMENT BY 1
    NO MINVALUE
    NO MAXVALUE
    CACHE 1
);


--
-- Name: employee; Type: TABLE; Schema: public; Owner: postgres
--

CREATE TABLE public.employee (
    id bigint NOT NULL,
    created_at timestamp(6) without time zone,
    email character varying(255),
    first_name character varying(255),
    last_name character varying(255),
    "position" character varying(255),
    updated_at timestamp(6) without time zone
);


ALTER TABLE public.employee OWNER TO postgres;

--
-- Name: employee_id_seq; Type: SEQUENCE; Schema: public; Owner: postgres
--

ALTER TABLE public.employee ALTER COLUMN id ADD GENERATED BY DEFAULT AS IDENTITY (
    SEQUENCE NAME public.employee_id_seq
    START WITH 1
    INCREMENT BY 1
    NO MINVALUE
    NO MAXVALUE
    CACHE 1
);


--
-- Name: employee_projects; Type: TABLE; Schema: public; Owner: postgres
--

CREATE TABLE public.employee_projects (
    employee_id bigint NOT NULL,
    projects_id bigint NOT NULL,
    employees_id bigint NOT NULL
);


ALTER TABLE public.employee_projects OWNER TO postgres;

--
-- Name: invoice; Type: TABLE; Schema: public; Owner: postgres
--

CREATE TABLE public.invoice (
    id bigint NOT NULL,
    amount bigint,
    created_at timestamp(6) without time zone,
    status character varying(255),
    updated_at timestamp(6) without time zone,
    project_id bigint,
    CONSTRAINT invoice_status_check CHECK (((status)::text = ANY ((ARRAY['PAID'::character varying, 'PENDING'::character varying, 'OVERDUE'::character varying])::text[])))
);


ALTER TABLE public.invoice OWNER TO postgres;

--
-- Name: invoice_id_seq; Type: SEQUENCE; Schema: public; Owner: postgres
--

ALTER TABLE public.invoice ALTER COLUMN id ADD GENERATED BY DEFAULT AS IDENTITY (
    SEQUENCE NAME public.invoice_id_seq
    START WITH 1
    INCREMENT BY 1
    NO MINVALUE
    NO MAXVALUE
    CACHE 1
);


--
-- Name: project; Type: TABLE; Schema: public; Owner: postgres
--

CREATE TABLE public.project (
    id bigint NOT NULL,
    budget bigint,
    created_at timestamp(6) without time zone,
    description character varying(255),
    end_date timestamp(6) without time zone,
    name character varying(255),
    start_date timestamp(6) without time zone,
    status character varying(255),
    updated_at timestamp(6) without time zone,
    client_id bigint,
    CONSTRAINT project_status_check CHECK (((status)::text = ANY ((ARRAY['PLANNED'::character varying, 'IN_PROGRESS'::character varying, 'COMPLETED'::character varying])::text[])))
);


ALTER TABLE public.project OWNER TO postgres;

--
-- Name: project_employee; Type: TABLE; Schema: public; Owner: postgres
--

CREATE TABLE public.project_employee (
    project_id bigint NOT NULL,
    employee_id bigint NOT NULL
);


ALTER TABLE public.project_employee OWNER TO postgres;

--
-- Name: project_employees; Type: TABLE; Schema: public; Owner: postgres
--

CREATE TABLE public.project_employees (
    project_id bigint NOT NULL,
    employees_id bigint NOT NULL,
    projects_id bigint NOT NULL
);


ALTER TABLE public.project_employees OWNER TO postgres;

--
-- Name: project_id_seq; Type: SEQUENCE; Schema: public; Owner: postgres
--

ALTER TABLE public.project ALTER COLUMN id ADD GENERATED BY DEFAULT AS IDENTITY (
    SEQUENCE NAME public.project_id_seq
    START WITH 1
    INCREMENT BY 1
    NO MINVALUE
    NO MAXVALUE
    CACHE 1
);


--
-- Name: task; Type: TABLE; Schema: public; Owner: postgres
--

CREATE TABLE public.task (
    id bigint NOT NULL,
    created_at timestamp(6) without time zone,
    description character varying(255),
    status character varying(255),
    title character varying(255),
    updated_at timestamp(6) without time zone,
    project_id bigint,
    CONSTRAINT task_status_check CHECK (((status)::text = ANY ((ARRAY['COMPLETED'::character varying, 'IN_PROGRESS'::character varying, 'TO_DO'::character varying])::text[])))
);


ALTER TABLE public.task OWNER TO postgres;

--
-- Name: task_id_seq; Type: SEQUENCE; Schema: public; Owner: postgres
--

ALTER TABLE public.task ALTER COLUMN id ADD GENERATED BY DEFAULT AS IDENTITY (
    SEQUENCE NAME public.task_id_seq
    START WITH 1
    INCREMENT BY 1
    NO MINVALUE
    NO MAXVALUE
    CACHE 1
);


--
-- Data for Name: app_user; Type: TABLE DATA; Schema: public; Owner: postgres
--

COPY public.app_user (id, created_at, email, first_name, last_name, password, role, updated_at, username) FROM stdin;
2	2026-01-09 20:14:56.39317	admin@example.com	\N	\N	$2a$10$uYO/AFwnKwyVCo0YHCocQ.x7jokiTQifAplYgf5vePwrH1qj69RQ6	ROLE_ADMIN	2026-01-09 20:14:56.39317	admin
\.


--
-- Data for Name: client; Type: TABLE DATA; Schema: public; Owner: postgres
--

COPY public.client (id, address, created_at, email, first_name, last_name, phone_number, updated_at) FROM stdin;
4	Rue Mohammed V, Marrakech	2026-01-09 20:12:41.937075	amine.elmansouri@example.com	Amine	El Mansouri	212612345678	2026-01-09 20:12:41.937075
5	Quartier Agdal, Rabat	2026-01-09 20:13:14.27242	youssef.haddad@example.com	Youssef	Haddad	212677889900	2026-01-09 20:13:14.27242
6	Avenue Hassan II, Casablanca	2026-01-09 20:13:39.758552	sara.benali@example.com	Sara	Benali	212698765432	2026-01-09 20:13:39.758552
\.


--
-- Data for Name: employee; Type: TABLE DATA; Schema: public; Owner: postgres
--

COPY public.employee (id, created_at, email, first_name, last_name, "position", updated_at) FROM stdin;
1	2026-01-09 20:15:51.04164	karim.ouazzani@example.com	Karim	Ouazzani	Database Administrator	2026-01-09 20:15:51.04164
2	2026-01-09 20:16:25.007826	leila.bennani@example.com	Leila	Bennani	UI/UX Designer	2026-01-09 20:16:25.007826
\.


--
-- Data for Name: employee_projects; Type: TABLE DATA; Schema: public; Owner: postgres
--

COPY public.employee_projects (employee_id, projects_id, employees_id) FROM stdin;
\.


--
-- Data for Name: invoice; Type: TABLE DATA; Schema: public; Owner: postgres
--

COPY public.invoice (id, amount, created_at, status, updated_at, project_id) FROM stdin;
1	5000	2026-01-09 20:17:26.266275	PENDING	2026-01-09 20:17:26.266275	1
2	7000	2026-01-09 20:17:34.552532	PAID	2026-01-09 20:17:34.552532	3
\.


--
-- Data for Name: project; Type: TABLE DATA; Schema: public; Owner: postgres
--

COPY public.project (id, budget, created_at, description, end_date, name, start_date, status, updated_at, client_id) FROM stdin;
1	50000	2026-01-09 20:14:06.495147	Développement d’une application web pour la vente en ligne.\r\n\r\n	\N	E‑Commerce Platform	\N	PLANNED	2026-01-09 20:14:06.495147	4
2	30000	2026-01-09 20:15:18.626218	Application CRUD pour gérer étudiants, professeurs et cours.	\N	School Management System	\N	PLANNED	2026-01-09 20:15:18.626218	6
3	40000	2026-01-09 20:15:37.471492	Plateforme de réservation et suivi des rendez‑vous médicaux.\r\n\r\n	\N	Healthcare Appointment App	\N	PLANNED	2026-01-09 20:15:37.472504	5
\.


--
-- Data for Name: project_employee; Type: TABLE DATA; Schema: public; Owner: postgres
--

COPY public.project_employee (project_id, employee_id) FROM stdin;
1	1
3	2
\.


--
-- Data for Name: project_employees; Type: TABLE DATA; Schema: public; Owner: postgres
--

COPY public.project_employees (project_id, employees_id, projects_id) FROM stdin;
\.


--
-- Data for Name: task; Type: TABLE DATA; Schema: public; Owner: postgres
--

COPY public.task (id, created_at, description, status, title, updated_at, project_id) FROM stdin;
3	2026-01-09 20:17:10.143475	Concevoir les maquettes de l’interface utilisateur pour la réservation des rendez‑vous médicaux.\r\n\r\n	TO_DO	UI Prototype for Appointment Booking	2026-01-09 20:17:10.143475	3
1	\N	Créer et optimiser le schéma relationnel pour la plateforme e‑commerce.\r\n\r\n	IN_PROGRESS	Design Database Schema	2026-01-09 20:21:13.638867	1
\.


--
-- Name: app_user_id_seq; Type: SEQUENCE SET; Schema: public; Owner: postgres
--

SELECT pg_catalog.setval('public.app_user_id_seq', 2, true);


--
-- Name: client_id_seq; Type: SEQUENCE SET; Schema: public; Owner: postgres
--

SELECT pg_catalog.setval('public.client_id_seq', 6, true);


--
-- Name: employee_id_seq; Type: SEQUENCE SET; Schema: public; Owner: postgres
--

SELECT pg_catalog.setval('public.employee_id_seq', 2, true);


--
-- Name: invoice_id_seq; Type: SEQUENCE SET; Schema: public; Owner: postgres
--

SELECT pg_catalog.setval('public.invoice_id_seq', 2, true);


--
-- Name: project_id_seq; Type: SEQUENCE SET; Schema: public; Owner: postgres
--

SELECT pg_catalog.setval('public.project_id_seq', 3, true);


--
-- Name: task_id_seq; Type: SEQUENCE SET; Schema: public; Owner: postgres
--

SELECT pg_catalog.setval('public.task_id_seq', 3, true);


--
-- Name: app_user app_user_pkey; Type: CONSTRAINT; Schema: public; Owner: postgres
--

ALTER TABLE ONLY public.app_user
    ADD CONSTRAINT app_user_pkey PRIMARY KEY (id);


--
-- Name: client client_pkey; Type: CONSTRAINT; Schema: public; Owner: postgres
--

ALTER TABLE ONLY public.client
    ADD CONSTRAINT client_pkey PRIMARY KEY (id);


--
-- Name: employee employee_pkey; Type: CONSTRAINT; Schema: public; Owner: postgres
--

ALTER TABLE ONLY public.employee
    ADD CONSTRAINT employee_pkey PRIMARY KEY (id);


--
-- Name: invoice invoice_pkey; Type: CONSTRAINT; Schema: public; Owner: postgres
--

ALTER TABLE ONLY public.invoice
    ADD CONSTRAINT invoice_pkey PRIMARY KEY (id);


--
-- Name: project project_pkey; Type: CONSTRAINT; Schema: public; Owner: postgres
--

ALTER TABLE ONLY public.project
    ADD CONSTRAINT project_pkey PRIMARY KEY (id);


--
-- Name: task task_pkey; Type: CONSTRAINT; Schema: public; Owner: postgres
--

ALTER TABLE ONLY public.task
    ADD CONSTRAINT task_pkey PRIMARY KEY (id);


--
-- Name: project_employee fk1907nkisp2dlsswuycpnakiv8; Type: FK CONSTRAINT; Schema: public; Owner: postgres
--

ALTER TABLE ONLY public.project_employee
    ADD CONSTRAINT fk1907nkisp2dlsswuycpnakiv8 FOREIGN KEY (project_id) REFERENCES public.project(id);


--
-- Name: project fk8nw995uro0115f1go0dmrtn2d; Type: FK CONSTRAINT; Schema: public; Owner: postgres
--

ALTER TABLE ONLY public.project
    ADD CONSTRAINT fk8nw995uro0115f1go0dmrtn2d FOREIGN KEY (client_id) REFERENCES public.client(id);


--
-- Name: invoice fkbty42xpdayvff0ytnonrd2ouv; Type: FK CONSTRAINT; Schema: public; Owner: postgres
--

ALTER TABLE ONLY public.invoice
    ADD CONSTRAINT fkbty42xpdayvff0ytnonrd2ouv FOREIGN KEY (project_id) REFERENCES public.project(id);


--
-- Name: task fkk8qrwowg31kx7hp93sru1pdqa; Type: FK CONSTRAINT; Schema: public; Owner: postgres
--

ALTER TABLE ONLY public.task
    ADD CONSTRAINT fkk8qrwowg31kx7hp93sru1pdqa FOREIGN KEY (project_id) REFERENCES public.project(id);


--
-- Name: project_employee fkn5yqs0xm3rmsg62n84ccyk4k0; Type: FK CONSTRAINT; Schema: public; Owner: postgres
--

ALTER TABLE ONLY public.project_employee
    ADD CONSTRAINT fkn5yqs0xm3rmsg62n84ccyk4k0 FOREIGN KEY (employee_id) REFERENCES public.employee(id);


--
-- PostgreSQL database dump complete
--

\unrestrict wW9ww3ezR1YUjBIXdgB0GxsieivMJ4JoSnMNzsXb6TXjqFPcG6JQLZM6dDvjA40

